DisNo.,Historic,Classification Key,Disaster Group,Disaster Subgroup,Disaster Type,Disaster Subtype,External IDs,Event Name,ISO,Country,Subregion,Region,Location,Origin,Associated Types,OFDA/BHA Response,Appeal,Declaration,AID Contribution ('000 US$),Magnitude,Magnitude Scale,Latitude,Longitude,River Basin,Start Year,Start Month,Start Day,End Year,End Month,End Day,Total Deaths,No. Injured,No. Affected,No. Homeless,Total Affected,Reconstruction Costs ('000 US$),"Reconstruction Costs, Adjusted ('000 US$)",Insured Damage ('000 US$),"Insured Damage, Adjusted ('000 US$)",Total Damage ('000 US$),"Total Damage, Adjusted ('000 US$)",CPI,Admin Units,Entry Date,Last Update
1951-0019-JPN,Yes,nat-met-sto-tro,Natural,Meteorological,Storm,Tropical cyclone,,Ruth,JPN,Japan,Eastern Asia,Asia,Entire nation except Hokkaido,,,No,No,No,,,Kph,,,,1951,10,,1951,10,,943,,,,,,,,,,,8.531619048,,2003-07-01,2023-09-25
1953-0018-JPN,Yes,nat-met-sto-tro,Natural,Meteorological,Storm,Tropical cyclone,,,JPN,Japan,Eastern Asia,Asia,Nagoya,,,No,No,No,,,Kph,,,,1953,9,25,1953,9,25,250,,1000000,,1000000,,,,,,,8.794130403,,2003-07-01,2023-09-25
1953-0043-JPN,Yes,nat-met-sto-tro,Natural,Meteorological,Storm,Tropical cyclone,,,JPN,Japan,Eastern Asia,Asia,,,,No,No,No,,,Kph,,,,1953,6,,1953,6,,29,,,,,,,,,,,8.794130403,,2003-07-01,2023-09-25
1954-0019-JPN,Yes,nat-met-sto-tro,Natural,Meteorological,Storm,Tropical cyclone,,,JPN,Japan,Eastern Asia,Asia,North Japan,,,No,No,No,,,Kph,,,,1954,9,26,1954,9,26,1761,,,,,,,,,,,8.826944322,,2003-07-01,2023-09-25
1954-0051-JPN,Yes,nat-met-sto-tro,Natural,Meteorological,Storm,Tropical cyclone,,,JPN,Japan,Eastern Asia,Asia,,,,No,No,No,,,Kph,,,,1954,8,,1954,8,,46,,,,,,,,,,,8.826944322,,2003-07-01,2023-09-25
1954-0057-JPN,Yes,nat-met-sto-tro,Natural,Meteorological,Storm,Tropical cyclone,,,JPN,Japan,Eastern Asia,Asia,,,,No,No,No,,,Kph,,,,1954,9,,1954,9,,27,,,,,,,,,,,8.826944322,,2003-07-01,2023-09-25
1955-0047-JPN,Yes,nat-met-sto-tro,Natural,Meteorological,Storm,Tropical cyclone,,,JPN,Japan,Eastern Asia,Asia,,,,No,No,No,,,Kph,,,,1955,10,,1955,10,,72,,,,,,,,,,,8.787284074,,2003-07-01,2023-09-25
1956-0040-JPN,Yes,nat-met-sto-tro,Natural,Meteorological,Storm,Tropical cyclone,,,JPN,Japan,Eastern Asia,Asia,,,,No,No,No,,,Kph,,,,1956,8,,1956,8,,46,,,,,,,,,,,8.921294773,,2003-07-01,2023-09-25
1957-0039-JPN,Yes,nat-met-sto-tro,Natural,Meteorological,Storm,Tropical cyclone,,,JPN,Japan,Eastern Asia,Asia,,,,No,No,No,,,Kph,,,,1957,9,,1957,9,,109,,,,,,,,,,,9.219396236,,2003-07-01,2023-09-25
1958-0011-JPN,Yes,nat-met-sto-tro,Natural,Meteorological,Storm,Tropical cyclone,,,JPN,Japan,Eastern Asia,Asia,Tokyo,,,No,No,No,,,Kph,,,,1958,9,21,1958,9,21,681,,,,,,,,,,,9.471012447,,2003-07-01,2023-09-25
1958-0012-JPN,Yes,nat-met-sto-tro,Natural,Meteorological,Storm,Tropical cyclone,,Ida,JPN,Japan,Eastern Asia,Asia,Central Honshu,,,No,No,No,,,Kph,,,,1958,9,27,1958,9,27,1175,,,,,,,,,,,9.471012447,,2003-07-01,2023-09-25
1958-0035-JPN,Yes,nat-met-sto-tro,Natural,Meteorological,Storm,Tropical cyclone,,,JPN,Japan,Eastern Asia,Asia,,,,No,No,No,,,Kph,,,,1958,7,,1958,7,,49,,,,,,,,,,,9.471012447,,2003-07-01,2023-09-25
1958-0038-JPN,Yes,nat-met-sto-tro,Natural,Meteorological,Storm,Tropical cyclone,,,JPN,Japan,Eastern Asia,Asia,,,,No,No,No,,,Kph,,,,1958,8,,1958,8,,45,,,,,,,,,,,9.471012447,,2003-07-01,2023-09-25
1959-0013-JPN,Yes,nat-met-sto-tro,Natural,Meteorological,Storm,Tropical cyclone,,Vera,JPN,Japan,Eastern Asia,Asia,Entire nation,,,No,No,No,,,Kph,,,,1959,9,26,1959,9,26,5098,,1500000,,1500000,,,,,600000,6271731,9.566736597,,2004-10-19,2023-09-25
1959-0043-JPN,Yes,nat-met-sto-tro,Natural,Meteorological,Storm,Tropical cyclone,,,JPN,Japan,Eastern Asia,Asia,,,,No,No,No,,,Kph,,,,1959,8,,1959,8,,139,,,,,,,,,,,9.566736597,,2003-07-01,2023-09-25
1959-0048-JPN,Yes,nat-met-sto-tro,Natural,Meteorological,Storm,Tropical cyclone,,,JPN,Japan,Eastern Asia,Asia,,,,No,No,No,,,Kph,,,,1959,10,,1959,10,,27,,,,,,,,,,,9.566736597,,2003-07-01,2023-09-25
1960-0055-JPN,Yes,nat-met-sto-tro,Natural,Meteorological,Storm,Tropical cyclone,,,JPN,Japan,Eastern Asia,Asia,,,,No,No,No,,,Kph,,,,1960,8,,1960,8,,41,,,,,,,,,,,9.706215691,,2003-07-01,2023-09-25
1961-0011-JPN,Yes,nat-met-sto-tro,Natural,Meteorological,Storm,Tropical cyclone,,,JPN,Japan,Eastern Asia,Asia,Honshu + other Isles,,,No,No,No,,,Kph,,,,1961,9,16,1961,9,16,202,,,,,,,,,,,9.810138546,,2003-07-01,2023-09-25
1963-0081-JPN,Yes,nat-met-sto-tro,Natural,Meteorological,Storm,Tropical cyclone,,,JPN,Japan,Eastern Asia,Asia,,,,No,No,No,,,Kph,,,,1963,9,,1963,9,,,,,,,,,,,,,10.05081019,,2003-07-01,2023-09-25
1964-0100-JPN,Yes,nat-met-sto-tro,Natural,Meteorological,Storm,Tropical cyclone,,,JPN,Japan,Eastern Asia,Asia,,,,No,No,No,,,Kph,,,,1964,9,,1964,9,,42,,,,,,,,,,,10.17935249,,2003-07-01,2023-09-25
1965-0036-JPN,Yes,nat-met-sto-tro,Natural,Meteorological,Storm,Tropical cyclone,,Dinah,JPN,Japan,Eastern Asia,Asia,,,,No,No,No,,,Kph,,,,1965,6,10,1965,6,10,61,,30000,,30000,,,,,,,10.34071295,,2003-07-01,2023-09-25
1965-0046-JPN,Yes,nat-met-sto-tro,Natural,Meteorological,Storm,Tropical cyclone,,Jean,JPN,Japan,Eastern Asia,Asia,South,,,No,No,No,,,Kph,,,,1965,8,6,1965,8,6,26,40,,,40,,,,,,,10.34071295,,2003-07-01,2023-09-25
1965-0055-JPN,Yes,nat-met-sto-tro,Natural,Meteorological,Storm,Tropical cyclone,,Shirley,JPN,Japan,Eastern Asia,Asia,"Shikoku, Honshu",,,No,No,No,,,Kph,,,,1965,9,10,1965,9,10,60,730,,,730,,,,,,,10.34071295,,2003-07-01,2023-09-25
1966-0052-JPN,Yes,nat-met-sto-tro,Natural,Meteorological,Storm,Tropical cyclone,,Kit,JPN,Japan,Eastern Asia,Asia,Honshu,,,No,No,No,,,Kph,,,,1966,6,28,1966,6,28,44,80,,,80,,,,,,,10.65249707,,2003-07-01,2023-09-25
1966-0065-JPN,Yes,nat-met-sto-tro,Natural,Meteorological,Storm,Tropical cyclone,,Alice & Cora,JPN,Japan,Eastern Asia,Asia,Ryukyu Islands,,,Yes,No,No,,,Kph,,,,1966,9,17,1966,9,17,314,41,13764,,13805,,,,,7900,74161,10.65249707,,2003-07-01,2023-09-25
1967-0045-JPN,Yes,nat-met-sto-tro,Natural,Meteorological,Storm,Tropical cyclone,,Billie,JPN,Japan,Eastern Asia,Asia,"South West, Western Japan",,,No,No,No,,,Kph,,,,1967,7,9,1967,7,9,263,395,2610,,3005,,,,,,,10.94786822,,2003-07-01,2023-09-25
1967-0069-JPN,Yes,nat-met-sto-tro,Natural,Meteorological,Storm,Tropical cyclone,,Diana,JPN,Japan,Eastern Asia,Asia,Central region,,,No,No,No,,,Kph,,,,1967,10,28,1967,10,28,27,34,45,,79,,,,,,,10.94786822,,2003-07-01,2023-09-25
1968-0058-JPN,Yes,nat-met-sto-tro,Natural,Meteorological,Storm,Tropical cyclone,,,JPN,Japan,Eastern Asia,Asia,"Kyushu, Shikoku",,,No,No,No,,,Kph,,,,1968,7,28,1968,7,28,22,,,,,,,,,,,11.41553662,,2003-07-01,2023-09-25
1968-0069-JPN,Yes,nat-met-sto-tro,Natural,Meteorological,Storm,Tropical cyclone,,,JPN,Japan,Eastern Asia,Asia,"Kagoshima, Makurazaki",,,No,No,No,,,Kph,,,,1968,9,,1968,9,,,,,,,,,,,,,11.41553662,,2003-07-01,2023-09-25
1968-0125-JPN,Yes,nat-met-sto-tro,Natural,Meteorological,Storm,Tropical cyclone,,,JPN,Japan,Eastern Asia,Asia,"Osaka, Sumoto",,,No,No,No,,,Kph,,,,1968,8,,1968,8,,102,,,,,,,,,,,11.41553662,,2003-07-01,2023-09-25
1971-0047-JPN,Yes,nat-met-sto-tro,Natural,Meteorological,Storm,Tropical cyclone,,,JPN,Japan,Eastern Asia,Asia,Kyushu Island,,,No,No,No,,,Kph,,,,1971,8,5,1971,8,5,135,,,,,,,,,,,13.2889561,,2003-07-01,2023-09-25
1972-0053-JPN,Yes,nat-met-sto-tro,Natural,Meteorological,Storm,Tropical cyclone,,Helen,JPN,Japan,Eastern Asia,Asia,Honshu,,,No,No,No,,,Kph,,,,1972,9,16,1972,9,16,50,,,,,,,,,,,13.72380635,,2003-07-01,2023-09-25
1974-0035-JPN,Yes,nat-met-sto-tro,Natural,Meteorological,Storm,Tropical cyclone,,,JPN,Japan,Eastern Asia,Asia,"West, South",,,No,No,No,,,Kph,,,,1974,7,6,1974,7,6,33,50,,,50,,,,,,,16.18249195,,2003-07-01,2023-09-25
1974-0162-JPN,Yes,nat-met-sto-tro,Natural,Meteorological,Storm,Tropical cyclone,,,JPN,Japan,Eastern Asia,Asia,Yui,,,No,No,No,,,Kph,,,,1974,5,29,1974,5,29,143,,,,,,,,,,,16.18249195,,2003-07-01,2023-09-25
1975-0049-JPN,Yes,nat-met-sto-tro,Natural,Meteorological,Storm,Tropical cyclone,,Phyllis,JPN,Japan,Eastern Asia,Asia,"Northern, Shikoku",,,No,No,No,,,Kph,,,,1975,8,15,1975,8,15,68,52,123,,175,,,,,505000,2859232,17.66208582,,2003-07-01,2023-09-25
1976-0062-JPN,Yes,nat-met-sto-tro,Natural,Meteorological,Storm,Tropical cyclone,,Fran,JPN,Japan,Eastern Asia,Asia,Kyushu (Southern),,,No,No,No,,150,Kph,,,,1976,9,8,1976,9,8,169,107,325000,,325107,,,,,800000,4283404,18.6767338,,2003-07-01,2023-09-25
1977-0092-JPN,Yes,nat-met-sto-tro,Natural,Meteorological,Storm,Tropical cyclone,,Vera,JPN,Japan,Eastern Asia,Asia,Ryukyus,,,No,No,No,,,Kph,,,,1977,7,31,1977,7,31,16,,5000,,5000,,,,,,,19.89103658,,2003-07-01,2023-09-25
1977-0117-JPN,Yes,nat-met-sto-tro,Natural,Meteorological,Storm,Tropical cyclone,,Babe,JPN,Japan,Eastern Asia,Asia,Okino-Erabu,,,No,No,No,,,Kph,,,,1977,9,12,1977,9,12,16,45,,8000,8045,,,,,,,19.89103658,,2003-07-01,2023-09-25
1978-0114-JPN,Yes,nat-met-sto-tro,Natural,Meteorological,Storm,Tropical cyclone,,Irma,JPN,Japan,Eastern Asia,Asia,Southwestern,,,No,No,No,,,Kph,,,,1978,9,15,1978,9,15,6,100,,3000,3100,,,,,,,21.40891699,,2003-07-01,2023-09-25
1979-0095-JPN,Yes,nat-met-sto-tro,Natural,Meteorological,Storm,Tropical cyclone,,Tip,JPN,Japan,Eastern Asia,Asia,Northern,,,No,No,No,,,Kph,,,,1979,10,20,1979,10,20,71,,,,,,,,,,,23.81837925,,2011-11-14,2023-09-25
1980-0089-JPN,Yes,nat-met-sto-tro,Natural,Meteorological,Storm,Tropical cyclone,,Orchid,JPN,Japan,Eastern Asia,Asia,Southern,,,No,No,No,,,Kph,,,,1980,9,11,1980,9,11,7,33,15000,2000,17033,,,,,,,27.0455806,,2003-07-01,2023-09-25
1981-0072-JPN,Yes,nat-met-sto-tro,Natural,Meteorological,Storm,Tropical cyclone,,Phyllis,JPN,Japan,Eastern Asia,Asia,Hokkaido,,,No,No,No,,,Kph,,,,1981,8,6,1981,8,6,7,,40000,22500,62500,,,,,,,29.84066199,,2003-07-01,2023-09-25
1981-0077-JPN,Yes,nat-met-sto-tro,Natural,Meteorological,Storm,Tropical cyclone,,Thad,JPN,Japan,Eastern Asia,Asia,"Central, Northern",,,No,No,No,,,Kph,,,,1981,8,23,1981,8,23,40,100,20000,,20100,,,,,,,29.84066199,,2003-07-01,2023-09-25
1982-0090-JPN,Yes,nat-met-sto-tro,Natural,Meteorological,Storm,Tropical cyclone,,Bess,JPN,Japan,Eastern Asia,Asia,Honshu,,,No,No,No,,,Kph,,,,1982,8,2,1982,8,2,80,150,3000,,3150,,,,,137000,432582,31.67031875,,2003-07-01,2023-09-25
1982-0092-JPN,Yes,nat-met-sto-tro,Natural,Meteorological,Storm,Tropical cyclone,,Ellis,JPN,Japan,Eastern Asia,Asia,Kyushu,,,No,No,No,,,Kph,,,,1982,8,25,1982,8,25,12,,,5000,5000,,,,,18000,56836,31.67031875,,2003-07-01,2023-09-25
1982-0099-JPN,Yes,nat-met-sto-tro,Natural,Meteorological,Storm,Tropical cyclone,,Judy,JPN,Japan,Eastern Asia,Asia,Central,,,No,No,No,,,Kph,,,,1982,9,2,1982,9,2,26,102,,,102,,,,,57000,179979,31.67031875,,2003-07-01,2023-09-25
1983-0123-JPN,Yes,nat-met-sto-tro,Natural,Meteorological,Storm,Tropical cyclone,,Forest,JPN,Japan,Eastern Asia,Asia,Western Japan,,,No,No,No,,,Kph,,,,1983,9,28,1983,9,28,44,78,,,78,,,,,,,32.68770482,,2003-07-01,2023-09-25
1985-0079-JPN,Yes,nat-met-sto-tro,Natural,Meteorological,Storm,Tropical cyclone,,Typhoon Irma,JPN,Japan,Eastern Asia,Asia,Central,,,No,No,No,,,Kph,,,,1985,6,15,1985,7,1,19,,30000,,30000,,,,,,,35.30228249,,2010-07-30,2023-09-25
1985-0375-JPN,Yes,nat-met-sto-tro,Natural,Meteorological,Storm,Tropical cyclone,,Pat,JPN,Japan,Eastern Asia,Asia,"Kyushu, Hokkaiso Isl.",,,No,No,No,,,Kph,,,,1985,9,1,1985,9,1,30,200,,,200,,,,,99500,281851,35.30228249,,2003-07-01,2023-09-25
1986-0097-JPN,Yes,nat-met-sto-tro,Natural,Meteorological,Storm,Tropical cyclone,,Sarah,JPN,Japan,Eastern Asia,Asia,"Northern, Central",,,No,No,No,,,Kph,,,,1986,8,4,1986,8,4,17,64,2000,,2064,,,102200,284107,2200000,6115809,35.97234376,,2008-04-04,2023-09-25
1987-0193-JPN,Yes,nat-met-sto-tro,Natural,Meteorological,Storm,Tropical cyclone,,Kelly,JPN,Japan,Eastern Asia,Asia,"Shikoku, Honshu",,,No,No,No,,,Kph,,,,1987,10,16,1987,10,16,8,10,65000,,65010,,,,,,,37.29056939,,2003-07-01,2023-09-25
1989-0161-JPN,Yes,nat-met-sto-tro,Natural,Meteorological,Storm,Tropical cyclone,,,JPN,Japan,Eastern Asia,Asia,Tokyo,,,No,No,No,,,Kph,,,,1989,8,,1989,8,,15,,,,,,,,,,,40.68459958,,2003-07-01,2023-09-25
1989-0457-JPN,Yes,nat-met-sto-tro,Natural,Meteorological,Storm,Tropical cyclone,,Sarah,JPN,Japan,Eastern Asia,Asia,,,,No,No,No,,,Kph,,,,1989,9,10,1989,9,10,,,,,,,,,,,,40.68459958,,2003-07-01,2023-09-25
1990-0407-JPN,Yes,nat-met-sto-tro,Natural,Meteorological,Storm,Tropical cyclone,,Flo,JPN,Japan,Eastern Asia,Asia,Honshu,,,No,No,No,,,Kph,,,,1990,9,17,1990,9,20,40,,60000,,60000,,,269900,629420,4000000,9328199,42.88073219,,2006-07-19,2023-09-25
1991-0384-JPN,Yes,nat-met-sto-tro,Natural,Meteorological,Storm,Tropical cyclone,,Gladys,JPN,Japan,Eastern Asia,Asia,Kyushu Isl.,,,No,No,No,,100,Kph,,,,1991,8,20,1991,8,20,11,,,,,,,3000,6712,5000,11187,44.69672184,,2003-07-01,2023-09-25
1991-0526-JPN,Yes,nat-met-sto-tro,Natural,Meteorological,Storm,Tropical cyclone,,Caitlin,JPN,Japan,Eastern Asia,Asia,,,,No,No,No,,,Kph,,,,1991,7,26,1991,7,26,,,,,,,,,,81500,182340,44.69672184,,2003-07-01,2023-09-25
1991-0536-JPN,Yes,nat-met-sto-tro,Natural,Meteorological,Storm,Tropical cyclone,,Kinna,JPN,Japan,Eastern Asia,Asia,"Nago Bay, Okinawa",,,No,No,No,,,Kph,,,,1991,9,14,1991,9,14,6,,,,,,,272000,608546,,,44.69672184,,2003-07-01,2023-09-25
1991-0537-JPN,Yes,nat-met-sto-tro,Natural,Meteorological,Storm,Tropical cyclone,,Luke,JPN,Japan,Eastern Asia,Asia,Chiba prefecture,,,No,No,No,,,Kph,,,,1991,9,19,1991,9,19,18,,,,,,,54000,120814,,,44.69672184,,2003-07-01,2023-09-25
1991-0539-JPN,Yes,nat-met-sto-tro,Natural,Meteorological,Storm,Tropical cyclone,,Mireille (nÅã19),JPN,Japan,Eastern Asia,Asia,"Hiroshima, Kure districts (Kyushu Isl.)",,,No,No,No,,,Kph,,,,1991,9,27,1991,9,27,66,777,90000,351,91128,,,5400000,12081423,10000000,22373005,44.69672184,,2005-01-27,2023-09-25
1992-0314-JPN,Yes,nat-met-sto-tro,Natural,Meteorological,Storm,Tropical cyclone,,Yancy,JPN,Japan,Eastern Asia,Asia,Kyushu Isl.,,,No,No,No,,180,Kph,,,,1992,9,3,1992,9,3,11,86,,,86,,,,,,,46.05050371,,2003-07-01,2023-09-25
1993-0079-JPN,Yes,nat-met-sto-tro,Natural,Meteorological,Storm,Tropical cyclone,,Yancy,JPN,Japan,Eastern Asia,Asia,Okinawa and neigbouring isl.,,,No,No,No,,180,Kph,,,,1993,9,5,1993,9,5,48,208,30255,,30463,,,896000,1889906,1300000,2742052,47.40975397,,2007-08-17,2023-09-25
1993-0473-JPN,Yes,nat-met-sto-tro,Natural,Meteorological,Storm,Tropical cyclone,,Robyn,JPN,Japan,Eastern Asia,Asia,,,,No,No,No,,,Kph,,,,1993,8,8,1993,8,10,47,,,,,,,225000,474586,450000,949172,47.40975397,,2008-04-07,2023-09-25
1994-0198-JPN,Yes,nat-met-sto-tro,Natural,Meteorological,Storm,Tropical cyclone,,Fred (9416),JPN,Japan,Eastern Asia,Asia,,,,No,No,No,,,Kph,,,,1994,8,21,1994,8,24,,,,,,,,,,6000,12334,48.6459381,,2007-05-06,2023-09-25
1994-0787-JPN,Yes,nat-met-sto-tro,Natural,Meteorological,Storm,Tropical cyclone,,Orchid,JPN,Japan,Eastern Asia,Asia,Osaka,,,No,No,No,,,Kph,,,,1994,9,29,1994,9,30,3,7,,,7,,,199100,409284,,,48.6459381,,2006-07-13,2023-09-25
1995-0484-JPN,Yes,nat-met-sto-tro,Natural,Meteorological,Storm,Tropical cyclone,,Oscar,JPN,Japan,Eastern Asia,Asia,"Hachijo Isl., Miyake Isl., Tokyo region",,"Flood|Slide (land, mud, snow, rock)",No,No,No,,,Kph,,,,1995,9,15,1995,9,18,3,,500,,500,,,,,9600,19196,50.01065676,,2006-07-11,2023-09-25
1996-0347-JPN,Yes,nat-met-sto-tro,Natural,Meteorological,Storm,Tropical cyclone,,Kirk,JPN,Japan,Eastern Asia,Asia,Kyushu Isl.,,,No,No,No,,210,Kph,,,,1996,8,14,1996,8,14,6,74,5400,264,5738,,,,,,,51.47657574,,2003-07-01,2023-09-25
1997-0180-JPN,Yes,nat-met-sto-tro,Natural,Meteorological,Storm,Tropical cyclone,,Winnie,JPN,Japan,Eastern Asia,Asia,,,,No,No,No,,,Kph,,,,1997,8,18,1997,8,19,3,,,,,,,,,100000,189826,52.67993394,,2007-05-06,2023-09-25
1997-0214-JPN,Yes,nat-met-sto-tro,Natural,Meteorological,Storm,Tropical cyclone,,Oliwa,JPN,Japan,Eastern Asia,Asia,Kyushu Isl.,,,No,No,No,,125,Kph,,,,1997,9,16,1997,9,16,4,,67000,,67000,,,,,,,52.67993394,,2003-07-01,2023-09-25
1998-0278-JPN,Yes,nat-met-sto-tro,Natural,Meteorological,Storm,Tropical cyclone,,Rex,JPN,Japan,Eastern Asia,Asia,Fukushima Prefecture,,,No,No,No,,126,Kph,,,,1998,8,27,1998,8,27,14,40,40000,,40040,,,,,,,53.49768079,,2003-07-01,2023-09-25
1998-0297-JPN,Yes,nat-met-sto-tro,Natural,Meteorological,Storm,Tropical cyclone,,Vicky (7) and Waldo (8),JPN,Japan,Eastern Asia,Asia,"Honshu, Hokkaido",,,No,No,No,,160,Kph,,,,1998,9,22,1998,9,22,12,258,,,258,,,62100,116080,3000000,5607720,53.49768079,,2008-04-01,2023-09-25
1998-0311-JPN,Yes,nat-met-sto-tro,Natural,Meteorological,Storm,Tropical cyclone,,Zeb,JPN,Japan,Eastern Asia,Asia,Hiroshima Prefecture,,,No,No,No,,280,Kph,,,,1998,10,13,1998,10,18,12,43,,,43,,,,,335500,627130,53.49768079,,2007-05-06,2023-09-25
1998-0328-JPN,Yes,nat-met-sto-tro,Natural,Meteorological,Storm,Tropical cyclone,,Stella,JPN,Japan,Eastern Asia,Asia,N.A. on the source,,,No,No,No,,,Kph,,,,1998,9,18,1998,9,18,2,23,9000,,9023,,,,,,,53.49768079,,2003-07-01,2023-09-25
1999-0326-JPN,Yes,nat-met-sto-tro,Natural,Meteorological,Storm,Tropical cyclone,,Bart,JPN,Japan,Eastern Asia,Asia,"Kyushu, Honshu",,"Flood|Slide (land, mud, snow, rock)",No,No,No,,238,Kph,,,,1999,9,22,1999,9,22,26,438,20000,6900,27338,,,3500000,6402257,5000000,9146081,54.66822084,,2005-02-02,2023-09-25
2000-0447-JPN,No,nat-met-sto-tro,Natural,Meteorological,Storm,Tropical cyclone,,Kirogi,JPN,Japan,Eastern Asia,Asia,Tookyoo province,,,No,No,No,,126,Kph,,,,2000,7,8,2000,7,9,4,,900,,900,,,200000,353893,300000,530839,56.51429056,"[{""adm1_code"":1690,""adm1_name"":""Tookyoo""}]",2005-12-16,2023-09-25
2000-0576-JPN,No,nat-met-sto-tro,Natural,Meteorological,Storm,Tropical cyclone,,Saomai,JPN,Japan,Eastern Asia,Asia,"Aiti, Mie, Gifu provinces",,,No,No,No,,160,Kph,,,,2000,9,11,2000,9,14,9,41,180000,,180041,,,1050000,1857937,1400000,2477250,56.51429056,"[{""adm1_code"":1651,""adm1_name"":""Aiti""},{""adm1_code"":1658,""adm1_name"":""Gifu""},{""adm1_code"":1672,""adm1_name"":""Mie""}]",2007-04-18,2023-09-25
2001-0454-JPN,No,nat-met-sto-tro,Natural,Meteorological,Storm,Tropical cyclone,,Pabuk,JPN,Japan,Eastern Asia,Asia,"Siga, Aiti, Oosaka, Ehime, Mie provinces",,,No,No,No,,109,Kph,,,,2001,8,21,2001,8,23,9,40,7000,,7040,,,500000,860415,800000,1376664,58.11147437,"[{""adm1_code"":1651,""adm1_name"":""Aiti""},{""adm1_code"":1654,""adm1_name"":""Ehime""},{""adm1_code"":1672,""adm1_name"":""Mie""},{""adm1_code"":1682,""adm1_name"":""Oosaka""},{""adm1_code"":1685,""adm1_name"":""Siga""}]",2005-12-16,2023-09-25
2001-0511-JPN,No,nat-met-sto-tro,Natural,Meteorological,Storm,Tropical cyclone,,Danas,JPN,Japan,Eastern Asia,Asia,Tookyoo province,,,No,No,No,,126,Kph,,,,2001,9,10,2001,9,13,7,15,1200,,1215,,,300000,516249,500000,860415,58.11147437,"[{""adm1_code"":1690,""adm1_name"":""Tookyoo""}]",2005-12-16,2023-09-25
2002-0430-JPN,No,nat-met-sto-tro,Natural,Meteorological,Storm,Tropical cyclone,,Halong,JPN,Japan,Eastern Asia,Asia,"Okinawa, Kagosima, Isikawa provinces",,,No,No,No,,108,Kph,,,,2002,7,15,2002,7,15,,9,570,,579,,,,,,,59.03314408,"[{""adm1_code"":1664,""adm1_name"":""Isikawa""},{""adm1_code"":1667,""adm1_name"":""Kagosima""},{""adm1_code"":1681,""adm1_name"":""Okinawa""}]",2003-07-01,2023-09-25
2002-0431-JPN,No,nat-met-sto-tro,Natural,Meteorological,Storm,Tropical cyclone,,Chata'an,JPN,Japan,Eastern Asia,Asia,Hokkaidoo province,,,No,No,No,,,Kph,,,,2002,7,5,2002,7,5,5,18,100000,,100018,,,,,5000,8470,59.03314408,"[{""adm1_code"":1661,""adm1_name"":""Hokkaidoo""}]",2007-04-16,2023-09-25
2003-0388-JPN,No,nat-met-sto-tro,Natural,Meteorological,Storm,Tropical cyclone,,Etau,JPN,Japan,Eastern Asia,Asia,"Hokkaidoo, Ehime provinces",,"Flood|Slide (land, mud, snow, rock)",No,No,No,,145,Kph,,,,2003,8,8,2003,8,11,20,80,2100,,2180,,,47000,77849,55000,91100,60.37325107,"[{""adm1_code"":1654,""adm1_name"":""Ehime""},{""adm1_code"":1661,""adm1_name"":""Hokkaidoo""}]",2003-08-27,2023-09-25
2003-0459-JPN,No,nat-met-sto-tro,Natural,Meteorological,Storm,Tropical cyclone,,Maemi,JPN,Japan,Eastern Asia,Asia,Okinawa province,,Rain,No,No,No,,200,Kph,,,,2003,9,12,2003,9,13,1,93,130,,223,,,,,50000,82818,60.37325107,"[{""adm1_code"":1681,""adm1_name"":""Okinawa""}]",2005-12-16,2023-09-25
2004-0276-JPN,No,nat-met-sto-tro,Natural,Meteorological,Storm,Tropical cyclone,,Dianmu (Helen/09W),JPN,Japan,Eastern Asia,Asia,Murotosi district (Kooti province),,"Rain|Slide (land, mud, snow, rock)",No,No,No,,285,Kph,,,,2004,6,16,2004,6,19,6,56,700,,756,,,,,,,61.98958593,"[{""adm2_code"":34885,""adm2_name"":""Murotosi""}]",2006-05-05,2023-09-25
2004-0428-JPN,No,nat-met-sto-tro,Natural,Meteorological,Storm,Tropical cyclone,,Megi (Lawin/18W),JPN,Japan,Eastern Asia,Asia,"Kagawa, Ehime, Hyoogo, Kooti provinces",,,No,No,No,,126,Kph,,,,2004,8,17,2004,8,20,11,,8502,,8502,,,,,500000,806587,61.98958593,"[{""adm1_code"":1654,""adm1_name"":""Ehime""},{""adm1_code"":1662,""adm1_name"":""Hyoogo""},{""adm1_code"":1666,""adm1_name"":""Kagawa""},{""adm1_code"":1669,""adm1_name"":""Kooti""}]",2004-08-24,2023-09-25
2004-0435-JPN,No,nat-met-sto-tro,Natural,Meteorological,Storm,Tropical cyclone,,Aere (Marce/20W),JPN,Japan,Eastern Asia,Asia,"Kasarityoo, Nazesi, Setootityoo, Sumiyooson, Tatugootyoo, Ukenson, Yamatoson districts (Kagosima province), Okinawa province",,,No,No,No,,,Kph,,,,2004,8,23,2004,8,23,2,2,,,2,,,,,500,807,61.98958593,"[{""adm1_code"":1681,""adm1_name"":""Okinawa""},{""adm2_code"":34737,""adm2_name"":""Kasarityoo""},{""adm2_code"":34765,""adm2_name"":""Nazesi""},{""adm2_code"":34779,""adm2_name"":""Setootityoo""},{""adm2_code"":34783,""adm2_name"":""Sumiyooson""},{""adm2_code"":34788,""adm2_name"":""Tatugootyoo""},{""adm2_code"":34795,""adm2_name"":""Ukenson""},{""adm2_code"":34800,""adm2_name"":""Yamatoson""}]",2004-08-24,2023-09-25
2004-0445-JPN,No,nat-met-sto-tro,Natural,Meteorological,Storm,Tropical cyclone,,Chaba,JPN,Japan,Eastern Asia,Asia,"Oosaka, Hyoogo, Okayama, Ehime, Kagawa, Miyazaki, Kagosima provinces",,Flood,No,No,No,,126,Kph,,,,2004,8,30,2004,8,31,14,50,180000,,180050,,,1200000,1935809,2000000,3226348,61.98958593,"[{""adm1_code"":1654,""adm1_name"":""Ehime""},{""adm1_code"":1662,""adm1_name"":""Hyoogo""},{""adm1_code"":1666,""adm1_name"":""Kagawa""},{""adm1_code"":1667,""adm1_name"":""Kagosima""},{""adm1_code"":1674,""adm1_name"":""Miyazaki""},{""adm1_code"":1680,""adm1_name"":""Okayama""},{""adm1_code"":1682,""adm1_name"":""Oosaka""}]",2007-02-23,2023-09-25
2004-0459-JPN,No,nat-met-sto-tro,Natural,Meteorological,Storm,Tropical cyclone,,Songda (Nina/22W),JPN,Japan,Eastern Asia,Asia,"Hukuoka, Kagosima, Kumamoto, Miyazaki, Nagasaki, Ooita, Saga provinces",,Transport accident,No,No,No,,230,Kph,,,,2004,9,3,2004,9,4,41,900,40000,,40900,,,4700000,7581919,9000000,14518568,61.98958593,"[{""adm1_code"":1656,""adm1_name"":""Hukuoka""},{""adm1_code"":1667,""adm1_name"":""Kagosima""},{""adm1_code"":1670,""adm1_name"":""Kumamoto""},{""adm1_code"":1674,""adm1_name"":""Miyazaki""},{""adm1_code"":1676,""adm1_name"":""Nagasaki""},{""adm1_code"":1679,""adm1_name"":""Ooita""},{""adm1_code"":1683,""adm1_name"":""Saga""}]",2007-02-23,2023-09-25
2004-0492-JPN,No,nat-met-sto-tro,Natural,Meteorological,Storm,Tropical cyclone,,Meari (Quinta/25W),JPN,Japan,Eastern Asia,Asia,"Niihama, Saizyoosi districts (Ehime province), Miyagawamura district (Mie province)",,"Rain|Slide (land, mud, snow, rock)",No,No,No,,220,Kph,,,,2004,9,23,2004,9,25,25,89,10000,,10089,,,,,740000,1193749,61.98958593,"[{""adm2_code"":33647,""adm2_name"":""Niihamasi""},{""adm2_code"":33655,""adm2_name"":""Saizyoosi""},{""adm2_code"":35105,""adm2_name"":""Miyagawamura""}]",2006-05-05,2023-09-25
2004-0511-JPN,No,nat-met-sto-tro,Natural,Meteorological,Storm,Tropical cyclone,,Ma-on (Rolly/26W),JPN,Japan,Eastern Asia,Asia,"Tookyoo, Sizuoka, Aiti provinces",,Flood,No,No,No,,260,Kph,,,,2004,10,3,2004,10,8,11,44,5904,,5948,,,241000,388775,603000,972744,61.98958593,"[{""adm1_code"":1651,""adm1_name"":""Aiti""},{""adm1_code"":1687,""adm1_name"":""Sizuoka""},{""adm1_code"":1690,""adm1_name"":""Tookyoo""}]",2006-05-12,2023-09-25
2004-0524-JPN,No,nat-met-sto-tro,Natural,Meteorological,Storm,Tropical cyclone,,Tokage (Siony/27W),JPN,Japan,Eastern Asia,Asia,"Ibaraki, Kanagawa, Nagano, Toyama, Kyooto, Okayama, Tokusima, Ehime, Kagawa, Saga, Miyazaki, Okinawa provinces",,"Flood|Slide (land, mud, snow, rock)",No,No,No,,230,Kph,,,,2004,10,15,2004,10,19,89,342,84450,,84792,,,1100000,1774492,2300000,3710301,61.98958593,"[{""adm1_code"":1654,""adm1_name"":""Ehime""},{""adm1_code"":1663,""adm1_name"":""Ibaraki""},{""adm1_code"":1666,""adm1_name"":""Kagawa""},{""adm1_code"":1668,""adm1_name"":""Kanagawa""},{""adm1_code"":1671,""adm1_name"":""Kyooto""},{""adm1_code"":1674,""adm1_name"":""Miyazaki""},{""adm1_code"":1675,""adm1_name"":""Nagano""},{""adm1_code"":1680,""adm1_name"":""Okayama""},{""adm1_code"":1681,""adm1_name"":""Okinawa""},{""adm1_code"":1683,""adm1_name"":""Saga""},{""adm1_code"":1689,""adm1_name"":""Tokusima""},{""adm1_code"":1692,""adm1_name"":""Toyama""}]",2006-05-12,2023-09-25
2005-0464-JPN,No,nat-met-sto-tro,Natural,Meteorological,Storm,Tropical cyclone,,Mawar,JPN,Japan,Eastern Asia,Asia,"Nagano, Sizuoka provinces",,"Flood|Slide (land, mud, snow, rock)",No,No,No,,108,Kph,,,,2005,8,25,2005,8,26,3,4,90,,94,,,,,,,64.09274026,"[{""adm1_code"":1675,""adm1_name"":""Nagano""},{""adm1_code"":1687,""adm1_name"":""Sizuoka""}]",2005-09-15,2023-09-25
2005-0497-JPN,No,nat-met-sto-tro,Natural,Meteorological,Storm,Tropical cyclone,,Nabi (Jolina/14W),JPN,Japan,Eastern Asia,Asia,"Okinawa, Ehime, Kagawa, Kooti, Tokusima, Tookyoo provinces",,"Rain|Slide (land, mud, snow, rock)",No,No,No,,144,Kph,,,,2005,9,2,2005,9,4,32,140,270000,,270140,,,550000,858132,1000000,1560239,64.09274026,"[{""adm1_code"":1654,""adm1_name"":""Ehime""},{""adm1_code"":1666,""adm1_name"":""Kagawa""},{""adm1_code"":1669,""adm1_name"":""Kooti""},{""adm1_code"":1681,""adm1_name"":""Okinawa""},{""adm1_code"":1689,""adm1_name"":""Tokusima""},{""adm1_code"":1690,""adm1_name"":""Tookyoo""}]",2006-05-04,2023-09-25
2006-0504-JPN,No,nat-met-sto-tro,Natural,Meteorological,Storm,Tropical cyclone,,Shanshan (13),JPN,Japan,Eastern Asia,Asia,"Nagasaki, Hukuoka, Miyazaki, Okinawa, Hirosima, Okayama, Simane, Tottori, Yamaguti provinces",,"Flood|Slide (land, mud, snow, rock)",No,No,No,,,Kph,,,,2006,9,15,2006,9,20,10,448,12000,,12448,,,1020000,1541709,2500000,3778699,66.16033056,"[{""adm1_code"":1656,""adm1_name"":""Hukuoka""},{""adm1_code"":1660,""adm1_name"":""Hirosima""},{""adm1_code"":1674,""adm1_name"":""Miyazaki""},{""adm1_code"":1676,""adm1_name"":""Nagasaki""},{""adm1_code"":1680,""adm1_name"":""Okayama""},{""adm1_code"":1681,""adm1_name"":""Okinawa""},{""adm1_code"":1686,""adm1_name"":""Simane""},{""adm1_code"":1691,""adm1_name"":""Tottori""},{""adm1_code"":1696,""adm1_name"":""Yamaguti""}]",2007-03-15,2023-09-25
2007-0262-JPN,No,nat-met-sto-tro,Natural,Meteorological,Storm,Tropical cyclone,GLIDE:TC-2007-000103,Man-Yi,JPN,Japan,Eastern Asia,Asia,"Okinawa, Hukuoka, Kagosima, Kumamoto, Miyazaki, Nagasaki, Ooita, Saga, Aiti, Ehime, Kagawa, Kooti, Tokusima provinces",,"Rain|Slide (land, mud, snow, rock)",No,No,No,,250,Kph,31.69,130.9,,2007,7,13,2007,7,16,5,12,40000,,40012,,,67000,98460,60000,88173,68.04767383,"[{""adm1_code"":1651,""adm1_name"":""Aiti""},{""adm1_code"":1654,""adm1_name"":""Ehime""},{""adm1_code"":1656,""adm1_name"":""Hukuoka""},{""adm1_code"":1666,""adm1_name"":""Kagawa""},{""adm1_code"":1667,""adm1_name"":""Kagosima""},{""adm1_code"":1669,""adm1_name"":""Kooti""},{""adm1_code"":1670,""adm1_name"":""Kumamoto""},{""adm1_code"":1674,""adm1_name"":""Miyazaki""},{""adm1_code"":1676,""adm1_name"":""Nagasaki""},{""adm1_code"":1679,""adm1_name"":""Ooita""},{""adm1_code"":1681,""adm1_name"":""Okinawa""},{""adm1_code"":1683,""adm1_name"":""Saga""},{""adm1_code"":1689,""adm1_name"":""Tokusima""}]",2008-08-04,2023-09-25
2007-0457-JPN,No,nat-met-sto-tro,Natural,Meteorological,Storm,Tropical cyclone,GLIDE:TC-2007-000162,Wipha/Goring,JPN,Japan,Eastern Asia,Asia,"Iwate, Akita provinces",,Flood,No,No,No,,,Kph,38.57,125.83,,2007,9,17,2007,9,25,4,,,,,,,,,,,68.04767383,"[{""adm1_code"":1652,""adm1_name"":""Akita""},{""adm1_code"":1665,""adm1_name"":""Iwate""}]",2008-08-04,2023-09-25
2007-0479-JPN,No,nat-met-sto-tro,Natural,Meteorological,Storm,Tropical cyclone,,Fitow (9),JPN,Japan,Eastern Asia,Asia,"Tookyoo, Hokkaidoo, Nagano provinces",,Flood,No,No,No,,140,Kph,,,,2007,8,28,2007,9,8,4,82,900,,982,,,700000,1028691,1000000,1469558,68.04767383,"[{""adm1_code"":1661,""adm1_name"":""Hokkaidoo""},{""adm1_code"":1675,""adm1_name"":""Nagano""},{""adm1_code"":1690,""adm1_name"":""Tookyoo""}]",2008-03-11,2023-09-25
2009-0316-JPN,No,nat-met-sto-tro,Natural,Meteorological,Storm,Tropical cyclone,,"Typhoon ""Etau""",JPN,Japan,Eastern Asia,Asia,"Hyoogo, Okayama provinces",,Flood,No,No,No,,,Kph,,,,2009,8,10,2009,8,10,12,,2000,,2000,,,,,,,70.40886176,"[{""adm1_code"":1662,""adm1_name"":""Hyoogo""},{""adm1_code"":1680,""adm1_name"":""Okayama""}]",2009-08-13,2023-09-25
2009-0423-JPN,No,nat-met-sto-tro,Natural,Meteorological,Storm,Tropical cyclone,,"TYphoon ""Melor""",JPN,Japan,Eastern Asia,Asia,"Mie, Aiti, Gifu, Siga, Wakayama, Miyagi, Saitama provinces",,Surge,No,No,No,,220,Kph,,,,2009,10,7,2009,10,9,4,119,5000,,5119,,,625000,887672,1000000,1420276,70.40886176,"[{""adm1_code"":1651,""adm1_name"":""Aiti""},{""adm1_code"":1658,""adm1_name"":""Gifu""},{""adm1_code"":1672,""adm1_name"":""Mie""},{""adm1_code"":1673,""adm1_name"":""Miyagi""},{""adm1_code"":1684,""adm1_name"":""Saitama""},{""adm1_code"":1685,""adm1_name"":""Siga""},{""adm1_code"":1694,""adm1_name"":""Wakayama""}]",2010-03-10,2023-09-25
2011-0352-JPN,No,nat-met-sto-tro,Natural,Meteorological,Storm,Tropical cyclone,,Typhoon Roke,JPN,Japan,Eastern Asia,Asia,"Aiti, Ehime, Siga, Nagasaki, Kumamoto provinces",,Flood,No,No,No,,215,Kph,,,,2011,9,22,2011,9,22,13,308,,,308,,,1210000,1639061,1820000,2465365,73.82275086,"[{""adm1_code"":1651,""adm1_name"":""Aiti""},{""adm1_code"":1654,""adm1_name"":""Ehime""},{""adm1_code"":1670,""adm1_name"":""Kumamoto""},{""adm1_code"":1676,""adm1_name"":""Nagasaki""},{""adm1_code"":1685,""adm1_name"":""Siga""}]",2012-04-04,2023-09-25
2011-0454-JPN,No,nat-met-sto-tro,Natural,Meteorological,Storm,Tropical cyclone,,Typhoon Talas,JPN,Japan,Eastern Asia,Asia,"Wakayama, Nara, Ehime, Kooti provinces",,"Flood|Slide (land, mud, snow, rock)",No,No,No,,90,Kph,,,,2011,9,2,2011,9,4,68,,1300,,1300,,,430000,582476,650000,880487,73.82275086,"[{""adm1_code"":1654,""adm1_name"":""Ehime""},{""adm1_code"":1669,""adm1_name"":""Kooti""},{""adm1_code"":1677,""adm1_name"":""Nara""},{""adm1_code"":1694,""adm1_name"":""Wakayama""}]",2012-04-04,2023-09-25
2012-0414-JPN,No,nat-met-sto-tro,Natural,Meteorological,Storm,Tropical cyclone,GLIDE:TC-2012-000159,Typhoon Bolaven,JPN,Japan,Eastern Asia,Asia,"Okinawa, Kagosima province",,,No,No,No,,,Kph,,,,2012,8,25,2012,8,25,,,,,,,,,,86000,114133,75.3503857,"[{""adm1_code"":1667,""adm1_name"":""Kagosima""},{""adm1_code"":1681,""adm1_name"":""Okinawa""}]",2013-02-06,2023-09-25
2012-0451-JPN,No,nat-met-sto-tro,Natural,Meteorological,Storm,Tropical cyclone,,Typhoon Jelawat,JPN,Japan,Eastern Asia,Asia,"Okinawa, Kagosima, Mie provinces",,,No,No,No,,126,Kph,,,,2012,9,29,2012,9,30,2,180,18045,,18225,,,,,27400,36363,75.3503857,"[{""adm1_code"":1667,""adm1_name"":""Kagosima""},{""adm1_code"":1672,""adm1_name"":""Mie""},{""adm1_code"":1681,""adm1_name"":""Okinawa""}]",2013-01-04,2023-09-25
2012-0588-JPN,No,nat-met-sto-tro,Natural,Meteorological,Storm,Tropical cyclone,,Typhoon Sanba,JPN,Japan,Eastern Asia,Asia,Okinawa province,,,No,No,No,,,Kph,,,,2012,9,15,2012,9,17,,,25250,,25250,,,,,31000,41141,75.3503857,"[{""adm1_code"":1681,""adm1_name"":""Okinawa""}]",2013-02-06,2023-09-25
2013-0396-JPN,No,nat-met-sto-tro,Natural,Meteorological,Storm,Tropical cyclone,,Typhoon Wipha,JPN,Japan,Eastern Asia,Asia,"Tookyoo, Saitama, Ibaraki, Totigi, Hokkaidoo, Tiba, Kagosima provinces",,"Flood|Slide (land, mud, snow, rock)",No,No,No,,,Kph,,,,2013,10,14,2013,10,16,39,107,19182,,19289,,,,,200000,261595,76.45414599,"[{""adm1_code"":1661,""adm1_name"":""Hokkaidoo""},{""adm1_code"":1663,""adm1_name"":""Ibaraki""},{""adm1_code"":1667,""adm1_name"":""Kagosima""},{""adm1_code"":1684,""adm1_name"":""Saitama""},{""adm1_code"":1688,""adm1_name"":""Totigi""},{""adm1_code"":1690,""adm1_name"":""Tookyoo""},{""adm1_code"":1693,""adm1_name"":""Tiba""}]",2014-03-20,2023-09-25
2013-0413-JPN,No,nat-met-sto-tro,Natural,Meteorological,Storm,Tropical cyclone,,Tropical storm Toraji,JPN,Japan,Eastern Asia,Asia,Kagosima province,,,No,No,No,,,Kph,,,,2013,9,4,2013,9,4,1,19,4317,,4336,,,,,2000,2616,76.45414599,"[{""adm1_code"":1667,""adm1_name"":""Kagosima""}]",2013-10-28,2023-09-25
2013-0415-JPN,No,nat-met-sto-tro,Natural,Meteorological,Storm,Tropical cyclone,,Tropical storm Man-Yi,JPN,Japan,Eastern Asia,Asia,"Aiti, Kyooto provinces",,Flood,No,No,No,,,Kph,,,,2013,9,16,2013,9,16,6,141,30147,,30288,,,,,2000,2616,76.45414599,"[{""adm1_code"":1651,""adm1_name"":""Aiti""},{""adm1_code"":1671,""adm1_name"":""Kyooto""}]",2013-10-28,2023-09-25
2013-0429-JPN,No,nat-met-sto-tro,Natural,Meteorological,Storm,Tropical cyclone,,Tropical storm Fitow,JPN,Japan,Eastern Asia,Asia,Okinawa province,,,No,No,No,,,Kph,,,,2013,10,7,2013,10,7,,,4392,,4392,,,,,,,76.45414599,"[{""adm1_code"":1681,""adm1_name"":""Okinawa""}]",2013-11-13,2023-09-25
2014-0236-JPN,No,nat-met-sto-tro,Natural,Meteorological,Storm,Tropical cyclone,,Typhoon Neoguri,JPN,Japan,Eastern Asia,Asia,"Ehime, Kagawa, Kooti, Tokusima, Hukuoka, Kagosima, Kumamoto, Miyazaki, Nagasaki, Ooita, Saga, Hukusima, Nagano, Hokkaidoo provinces",,"Flood|Slide (land, mud, snow, rock)",No,No,No,,130,Kph,,,,2014,7,7,2014,7,10,7,66,600,,666,,,,,156000,200787,77.69440613,"[{""adm1_code"":1654,""adm1_name"":""Ehime""},{""adm1_code"":1656,""adm1_name"":""Hukuoka""},{""adm1_code"":1657,""adm1_name"":""Hukusima""},{""adm1_code"":1661,""adm1_name"":""Hokkaidoo""},{""adm1_code"":1666,""adm1_name"":""Kagawa""},{""adm1_code"":1667,""adm1_name"":""Kagosima""},{""adm1_code"":1669,""adm1_name"":""Kooti""},{""adm1_code"":1670,""adm1_name"":""Kumamoto""},{""adm1_code"":1674,""adm1_name"":""Miyazaki""},{""adm1_code"":1675,""adm1_name"":""Nagano""},{""adm1_code"":1676,""adm1_name"":""Nagasaki""},{""adm1_code"":1679,""adm1_name"":""Ooita""},{""adm1_code"":1683,""adm1_name"":""Saga""},{""adm1_code"":1689,""adm1_name"":""Tokusima""}]",2014-07-22,2023-09-25
2014-0314-JPN,No,nat-met-sto-tro,Natural,Meteorological,Storm,Tropical cyclone,,Tropical storm Nakri,JPN,Japan,Eastern Asia,Asia,Kooti province,,"Flood|Slide (land, mud, snow, rock)",No,No,No,,,Kph,,,,2014,8,3,2014,8,6,,,4401,,4401,,,,,,,77.69440613,"[{""adm1_code"":1669,""adm1_name"":""Kooti""}]",2014-09-23,2023-09-25
2014-0316-JPN,No,nat-met-sto-tro,Natural,Meteorological,Storm,Tropical cyclone,,Typhoon Halong,JPN,Japan,Eastern Asia,Asia,"Ehime, Kagawa, Kooti, Tokusima provinces",,,No,No,No,,160,Kph,,,,2014,8,10,2014,8,12,10,96,21654,,21750,,,,,200000,257419,77.69440613,"[{""adm1_code"":1654,""adm1_name"":""Ehime""},{""adm1_code"":1666,""adm1_name"":""Kagawa""},{""adm1_code"":1669,""adm1_name"":""Kooti""},{""adm1_code"":1689,""adm1_name"":""Tokusima""}]",2014-09-23,2023-09-25
2014-0396-JPN,No,nat-met-sto-tro,Natural,Meteorological,Storm,Tropical cyclone,,Typhoon Vongfong,JPN,Japan,Eastern Asia,Asia,"Makurazakisi, Kagosimasi districts (Kagosima province), Okinawa, Sizuoka provinces",,,No,No,No,,290,Kph,,,,2014,10,12,2014,10,13,9,94,1104,,1198,,,,,100000,128709,77.69440613,"[{""adm1_code"":1681,""adm1_name"":""Okinawa""},{""adm1_code"":1687,""adm1_name"":""Sizuoka""},{""adm2_code"":34731,""adm2_name"":""Kagosimasi""},{""adm2_code"":34756,""adm2_name"":""Makurazakisi""}]",2014-10-14,2023-09-25
2014-0397-JPN,No,nat-met-sto-tro,Natural,Meteorological,Storm,Tropical cyclone,,Typhoon Phanfone,JPN,Japan,Eastern Asia,Asia,"Okinawa, Sizuoka, Aiti, Kanagawa provinces",,"Flood|Slide (land, mud, snow, rock)",No,No,No,,110,Kph,,,,2014,10,6,2014,10,6,7,60,8706,,8766,,,,,100000,128709,77.69440613,"[{""adm1_code"":1651,""adm1_name"":""Aiti""},{""adm1_code"":1668,""adm1_name"":""Kanagawa""},{""adm1_code"":1681,""adm1_name"":""Okinawa""},{""adm1_code"":1687,""adm1_name"":""Sizuoka""}]",2014-10-14,2023-09-25
2015-0176-JPN,No,nat-met-sto-tro,Natural,Meteorological,Storm,Tropical cyclone,GLIDE:TC-2015-000051,Typhoon Noul (Dodong),JPN,Japan,Eastern Asia,Asia,"Amagityoo, Isentyoo, Kasarityoo, Nazesi, Setootityoo, Sumiyooson, Tatugootyoo, Tokunosimatyoo, Ukenson, Yamatoson districts (Kagosima province), Okinawa province",,,No,No,No,,180,Kph,,,,2015,5,12,2015,5,12,,6,39,,45,,,,,23200,29825,77.78656766,"[{""adm1_code"":1681,""adm1_name"":""Okinawa""},{""adm2_code"":34712,""adm2_name"":""Amagityoo""},{""adm2_code"":34727,""adm2_name"":""Isentyoo""},{""adm2_code"":34737,""adm2_name"":""Kasarityoo""},{""adm2_code"":34765,""adm2_name"":""Nazesi""},{""adm2_code"":34779,""adm2_name"":""Setootityoo""},{""adm2_code"":34783,""adm2_name"":""Sumiyooson""},{""adm2_code"":34788,""adm2_name"":""Tatugootyoo""},{""adm2_code"":34791,""adm2_name"":""Tokunosimatyoo""},{""adm2_code"":34795,""adm2_name"":""Ukenson""},{""adm2_code"":34800,""adm2_name"":""Yamatoson""}]",2015-05-21,2023-09-25
2015-0244-JPN,No,nat-met-sto-tro,Natural,Meteorological,Storm,Tropical cyclone,,Typhoon Chan-Home,JPN,Japan,Eastern Asia,Asia,Okinawa province,,Flood,No,No,No,,250,Kph,,,,2015,7,9,2015,7,11,1,27,,,27,,,,,,,77.78656766,"[{""adm1_code"":1681,""adm1_name"":""Okinawa""}]",2015-07-23,2023-09-25
2015-0261-JPN,No,nat-met-sto-tro,Natural,Meteorological,Storm,Tropical cyclone,,Typhoon Nangka,JPN,Japan,Eastern Asia,Asia,"Aiti, Akita, Aomori, Gifu, Gunma, Hirosima, Hukui, Hukusima, Hyoogo, Ibaraki, Iwate, Kanagawa, Kyooto, Mie, Miyagi, Nagano, Nara, Niigata, Okayama, Okinawa, Oosaka, Saitama, Siga, Simane, Sizuoka, Tiba, Tookyoo, Totigi, Tottori, Toyama, Wakayama, Yamagata, Yamaguti, Yamanasi, Ehime, Kagawa, Kooti, Tokusima provinces",,"Flood|Slide (land, mud, snow, rock)",No,No,No,,185,Kph,,,,2015,7,16,2015,7,17,2,56,789,,845,,,127000,163267,207000,266113,77.78656766,"[{""adm1_code"":1651,""adm1_name"":""Aiti""},{""adm1_code"":1652,""adm1_name"":""Akita""},{""adm1_code"":1653,""adm1_name"":""Aomori""},{""adm1_code"":1654,""adm1_name"":""Ehime""},{""adm1_code"":1655,""adm1_name"":""Hukui""},{""adm1_code"":1657,""adm1_name"":""Hukusima""},{""adm1_code"":1658,""adm1_name"":""Gifu""},{""adm1_code"":1659,""adm1_name"":""Gunma""},{""adm1_code"":1660,""adm1_name"":""Hirosima""},{""adm1_code"":1662,""adm1_name"":""Hyoogo""},{""adm1_code"":1663,""adm1_name"":""Ibaraki""},{""adm1_code"":1665,""adm1_name"":""Iwate""},{""adm1_code"":1666,""adm1_name"":""Kagawa""},{""adm1_code"":1668,""adm1_name"":""Kanagawa""},{""adm1_code"":1669,""adm1_name"":""Kooti""},{""adm1_code"":1671,""adm1_name"":""Kyooto""},{""adm1_code"":1672,""adm1_name"":""Mie""},{""adm1_code"":1673,""adm1_name"":""Miyagi""},{""adm1_code"":1675,""adm1_name"":""Nagano""},{""adm1_code"":1677,""adm1_name"":""Nara""},{""adm1_code"":1678,""adm1_name"":""Niigata""},{""adm1_code"":1680,""adm1_name"":""Okayama""},{""adm1_code"":1681,""adm1_name"":""Okinawa""},{""adm1_code"":1682,""adm1_name"":""Oosaka""},{""adm1_code"":1684,""adm1_name"":""Saitama""},{""adm1_code"":1685,""adm1_name"":""Siga""},{""adm1_code"":1686,""adm1_name"":""Simane""},{""adm1_code"":1687,""adm1_name"":""Sizuoka""},{""adm1_code"":1688,""adm1_name"":""Totigi""},{""adm1_code"":1689,""adm1_name"":""Tokusima""},{""adm1_code"":1690,""adm1_name"":""Tookyoo""},{""adm1_code"":1691,""adm1_name"":""Tottori""},{""adm1_code"":1692,""adm1_name"":""Toyama""},{""adm1_code"":1693,""adm1_name"":""Tiba""},{""adm1_code"":1694,""adm1_name"":""Wakayama""},{""adm1_code"":1695,""adm1_name"":""Yamagata""},{""adm1_code"":1696,""adm1_name"":""Yamaguti""},{""adm1_code"":1697,""adm1_name"":""Yamanasi""}]",2015-07-23,2023-09-25
2015-0371-JPN,No,nat-met-sto-tro,Natural,Meteorological,Storm,Tropical cyclone,,Typhoon Goni (Ineng),JPN,Japan,Eastern Asia,Asia,Kumamoto province,,,No,No,No,,198,Kph,,,,2015,8,25,2015,8,25,,70,,,70,,,,,,,77.78656766,"[{""adm1_code"":1670,""adm1_name"":""Kumamoto""}]",2015-10-26,2023-09-25
2015-0456-JPN,No,nat-met-sto-tro,Natural,Meteorological,Storm,Tropical cyclone,DFO:4292|GLIDE:TC-2015-000124,Tropical Storm Etau,JPN,Japan,Eastern Asia,Asia,"Ibaraki, Totigi, Miyagi provinces",,Flood,No,No,No,,,Kph,,,,2015,9,8,2015,9,10,8,46,60000,,60046,,,250000,321392,,,77.78656766,"[{""adm1_code"":1663,""adm1_name"":""Ibaraki""},{""adm1_code"":1673,""adm1_name"":""Miyagi""},{""adm1_code"":1688,""adm1_name"":""Totigi""}]",2015-10-13,2023-09-25
2015-0458-JPN,No,nat-met-sto-tro,Natural,Meteorological,Storm,Tropical cyclone,,Typhoon Dujuan,JPN,Japan,Eastern Asia,Asia,Okinawa province,,,No,No,No,,,Kph,,,,2015,9,28,2015,9,28,,,,,,,,,,,,77.78656766,"[{""adm1_code"":1681,""adm1_name"":""Okinawa""}]",2016-05-17,2023-09-25
2016-0324-JPN,No,nat-met-sto-tro,Natural,Meteorological,Storm,Tropical cyclone,,Typhoon Lionrock,JPN,Japan,Eastern Asia,Asia,Iwate,,Flood,No,No,No,,,Kph,,,,2016,9,4,2016,9,4,22,,,,,,,,,,,78.767923,"[{""adm1_code"":1665,""adm1_name"":""Iwate""}]",2016-09-14,2023-09-25
2016-0361-JPN,No,nat-met-sto-tro,Natural,Meteorological,Storm,Tropical cyclone,,Typhoon Chaba (Chyba?),JPN,Japan,Eastern Asia,Asia,Hokkaidoo province (Hokkaido island),,,No,No,No,,,Kph,,,,2016,10,5,2016,10,6,,,,,,,,,,,,78.767923,"[{""adm1_code"":1661,""adm1_name"":""Hokkaidoo""}]",2016-11-16,2023-09-25
2016-0382-JPN,No,nat-met-sto-tro,Natural,Meteorological,Storm,Tropical cyclone,,Tropical storm Mindulle,JPN,Japan,Eastern Asia,Asia,"Saitama, Hokkaidoo, Tookyoo, Tiba provinces",,"Slide (land, mud, snow, rock)",No,No,No,,,Kph,,,,2016,8,22,2016,8,22,2,70,3633,,3703,,,,,100000,126955,78.767923,"[{""adm1_code"":1661,""adm1_name"":""Hokkaidoo""},{""adm1_code"":1684,""adm1_name"":""Saitama""},{""adm1_code"":1690,""adm1_name"":""Tookyoo""},{""adm1_code"":1693,""adm1_name"":""Tiba""}]",2016-11-17,2023-09-25
2016-0390-JPN,No,nat-met-sto-tro,Natural,Meteorological,Storm,Tropical cyclone,,Typhoon Malakas,JPN,Japan,Eastern Asia,Asia,"Hyogoo, Miyazaki, Oosaka province",,Flood,No,No,No,,185,Kph,,,,2016,9,20,2016,9,20,1,,6000,,6000,,,,,,,78.767923,"[{""adm1_code"":1662,""adm1_name"":""Hyoogo""},{""adm1_code"":1674,""adm1_name"":""Miyazaki""},{""adm1_code"":1682,""adm1_name"":""Oosaka""}]",2016-11-17,2023-09-25
2017-0327-JPN,No,nat-met-sto-tro,Natural,Meteorological,Storm,Tropical cyclone,,Typhoon 'Noru',JPN,Japan,Eastern Asia,Asia,"Wakayama prefecture; Mie region, Kagoshima (Yakushima, Minami-ko towns), Miyazaki, Oita, Fukuoka Prefectures, Hyogo Prefecture",,,No,No,No,,120,Kph,33.2,134,,2017,8,5,2017,8,7,2,51,1338,,1389,,,,,2000,2486,80.44577926,"[{""adm1_code"":1656,""adm1_name"":""Hukuoka""},{""adm1_code"":1662,""adm1_name"":""Hyoogo""},{""adm1_code"":1667,""adm1_name"":""Kagosima""},{""adm1_code"":1672,""adm1_name"":""Mie""},{""adm1_code"":1674,""adm1_name"":""Miyazaki""},{""adm1_code"":1679,""adm1_name"":""Ooita""},{""adm1_code"":1694,""adm1_name"":""Wakayama""}]",2017-08-07,2023-09-25
2017-0432-JPN,No,nat-met-sto-tro,Natural,Meteorological,Storm,Tropical cyclone,,Typhoon 'Lan'/'Paolo',JPN,Japan,Eastern Asia,Asia,"Honshu Island: Fukuoka, Mie, Osaka, Toyama, Wakayama, Ibaraki, Nagano, Hokkaido",,"Flood|Slide (land, mud, snow, rock)",No,No,No,,216,Kph,,,,2017,10,22,2017,10,22,8,210,18600,,18810,,,,,1000000,1243073,80.44577926,"[{""adm1_code"":1656,""adm1_name"":""Hukuoka""},{""adm1_code"":1661,""adm1_name"":""Hokkaidoo""},{""adm1_code"":1663,""adm1_name"":""Ibaraki""},{""adm1_code"":1672,""adm1_name"":""Mie""},{""adm1_code"":1675,""adm1_name"":""Nagano""},{""adm1_code"":1682,""adm1_name"":""Oosaka""},{""adm1_code"":1692,""adm1_name"":""Toyama""},{""adm1_code"":1694,""adm1_name"":""Wakayama""}]",2017-11-06,2023-09-25
2017-0468-JPN,No,nat-met-sto-tro,Natural,Meteorological,Storm,Tropical cyclone,,Typhoon 'Talim',JPN,Japan,Eastern Asia,Asia,"Oita (Bungo-ono), Kagawa (Mitoyo city), Okayama, Ehime, Kochi, Kyoto, Miyazaki, Hyogo",,"Flood|Slide (land, mud, snow, rock)",No,No,No,,160,Kph,,,,2017,9,17,2017,9,19,2,56,21600,,21656,,,330000,410214,500000,621537,80.44577926,"[{""adm1_code"":1654,""adm1_name"":""Ehime""},{""adm1_code"":1662,""adm1_name"":""Hyoogo""},{""adm1_code"":1666,""adm1_name"":""Kagawa""},{""adm1_code"":1669,""adm1_name"":""Kooti""},{""adm1_code"":1671,""adm1_name"":""Kyooto""},{""adm1_code"":1674,""adm1_name"":""Miyazaki""},{""adm1_code"":1679,""adm1_name"":""Ooita""},{""adm1_code"":1680,""adm1_name"":""Okayama""}]",2017-11-22,2023-09-25
2018-0326-JPN,No,nat-met-sto-tro,Natural,Meteorological,Storm,Tropical cyclone,,Typhoon Jebi,JPN,Japan,Eastern Asia,Asia,"Osaka, Wakayama, Hyogo",,Flood,No,No,No,,220,Kph,,,,2018,9,4,2018,9,5,17,600,3300,,3900,,,9000000,10920916,12500000,15167939,82.41066796,"[{""adm1_code"":1662,""adm1_name"":""Hyoogo""},{""adm1_code"":1682,""adm1_name"":""Oosaka""},{""adm1_code"":1694,""adm1_name"":""Wakayama""}]",2018-09-05,2023-09-25
2018-0353-JPN,No,nat-met-sto-tro,Natural,Meteorological,Storm,Tropical cyclone,,Typhoon Trami,JPN,Japan,Eastern Asia,Asia,"Tokyo, Okinawa, Wakayama",,Flood,No,No,No,,216,Kph,,,,2018,9,28,2018,10,1,4,200,18000,,18200,,,,,4500000,5460458,82.41066796,"[{""adm1_code"":1681,""adm1_name"":""Okinawa""},{""adm1_code"":1690,""adm1_name"":""Tookyoo""},{""adm1_code"":1694,""adm1_name"":""Wakayama""}]",2018-10-02,2023-09-25
2018-0424-JPN,No,nat-met-sto-tro,Natural,Meteorological,Storm,Tropical cyclone,,Typhoon 'Kong-Rey',JPN,Japan,Eastern Asia,Asia,,,,No,No,No,,,Kph,,,,2018,10,6,2018,10,7,3,,4200,,4200,,,,,,,82.41066796,"[{""adm1_code"":1656,""adm1_name"":""Hukuoka""},{""adm1_code"":1674,""adm1_name"":""Miyazaki""},{""adm1_code"":1676,""adm1_name"":""Nagasaki""},{""adm1_code"":1681,""adm1_name"":""Okinawa""}]",2018-11-26,2023-09-25
2019-0424-JPN,No,nat-met-sto-tro,Natural,Meteorological,Storm,Tropical cyclone,GLIDE:TC-2019-000102,Tropical cyclone 'Lingling',JPN,Japan,Eastern Asia,Asia,"Nagano, Yamaguchi, Hiroshima, Tottori, Okayama, Okinawa and Miyazaki Prefectures",,,No,No,No,,,Kph,,,,2019,9,5,2019,9,8,,,,,,,,,,10000,11918,83.90417006,"[{""adm1_code"":1660,""adm1_name"":""Hirosima""},{""adm1_code"":1674,""adm1_name"":""Miyazaki""},{""adm1_code"":1675,""adm1_name"":""Nagano""},{""adm1_code"":1680,""adm1_name"":""Okayama""},{""adm1_code"":1681,""adm1_name"":""Okinawa""},{""adm1_code"":1691,""adm1_name"":""Tottori""},{""adm1_code"":1696,""adm1_name"":""Yamaguti""}]",2019-10-28,2023-09-25
2019-0443-JPN,No,nat-met-sto-tro,Natural,Meteorological,Storm,Tropical cyclone,,Tropical storm 'Tapah',JPN,Japan,Eastern Asia,Asia,"Okinawa, Miyazaki Prefectures",,,No,No,No,,,Kph,,,,2019,9,24,2019,9,24,,21,2000,,2021,,,,,,,83.90417006,"[{""adm1_code"":1674,""adm1_name"":""Miyazaki""},{""adm1_code"":1681,""adm1_name"":""Okinawa""}]",2019-09-24,2023-09-25
2019-0492-JPN,No,nat-met-sto-tro,Natural,Meteorological,Storm,Tropical cyclone,,Tropical cylone 'Hagibis',JPN,Japan,Eastern Asia,Asia,"Tokyo, Fukushima, Miyagi, Shizuoka, Kanawanga, Nagano, Saitama, Gunma, Ibaraki, Tochigi",,Flood,No,No,No,,160,Kph,,,,2019,10,12,2019,10,17,99,470,390000,,390470,,,10000000,11918359,17000000,20261210,83.90417006,"[{""adm1_code"":1657,""adm1_name"":""Hukusima""},{""adm1_code"":1659,""adm1_name"":""Gunma""},{""adm1_code"":1663,""adm1_name"":""Ibaraki""},{""adm1_code"":1668,""adm1_name"":""Kanagawa""},{""adm1_code"":1673,""adm1_name"":""Miyagi""},{""adm1_code"":1675,""adm1_name"":""Nagano""},{""adm1_code"":1684,""adm1_name"":""Saitama""},{""adm1_code"":1687,""adm1_name"":""Sizuoka""},{""adm1_code"":1688,""adm1_name"":""Totigi""},{""adm1_code"":1690,""adm1_name"":""Tookyoo""}]",2019-10-22,2023-09-25
2019-0521-JPN,No,nat-met-sto-tro,Natural,Meteorological,Storm,Tropical cyclone,,Typhoon 'Faxai',JPN,Japan,Eastern Asia,Asia,Chiba prefecture; Tokyo,,,No,No,No,,170,Kph,,,,2019,10,8,2019,10,8,3,150,120000,,120150,,,7000000,8342851,9100000,10845706,83.90417006,"[{""adm1_code"":1690,""adm1_name"":""Tookyoo""},{""adm1_code"":1693,""adm1_name"":""Tiba""}]",2019-10-28,2023-09-25
2020-0400-JPN,No,nat-met-sto-tro,Natural,Meteorological,Storm,Tropical cyclone,,Tropical cyclone 'Haishen' (Kristine),JPN,Japan,Eastern Asia,Asia,"Miyazaki Prefecture, Kyushu region, Kagoshima, Okinawa",,,No,No,No,,185,Kph,,,,2020,9,7,2020,9,7,2,52,,,52,,,,,,,84.93919813,"[{""adm1_code"":1656,""adm1_name"":""Hukuoka""},{""adm1_code"":1667,""adm1_name"":""Kagosima""},{""adm1_code"":1670,""adm1_name"":""Kumamoto""},{""adm1_code"":1674,""adm1_name"":""Miyazaki""},{""adm1_code"":1676,""adm1_name"":""Nagasaki""},{""adm1_code"":1679,""adm1_name"":""Ooita""},{""adm1_code"":1681,""adm1_name"":""Okinawa""},{""adm1_code"":1683,""adm1_name"":""Saga""}]",2020-09-07,2023-09-25
2020-0403-JPN,No,nat-met-sto-tro,Natural,Meteorological,Storm,Tropical cyclone,,Typhoon 'Maisak' (Julian),JPN,Japan,Eastern Asia,Asia,Okinawa Prefecture,,,No,No,No,,175,Kph,,,,2020,9,2,2020,9,2,,8,,,8,,,,,,,84.93919813,"[{""adm1_code"":1681,""adm1_name"":""Okinawa""}]",2020-09-07,2023-09-25
2022-0398-JPN,No,nat-met-sto-tro,Natural,Meteorological,Storm,Tropical cyclone,,Tropical depression 'Aere',JPN,Japan,Eastern Asia,Asia,"Unzen, Nagasaki, Arao, Kumamoto, Omuta, Fukuoka prefectures",,"Flood|Slide (land, mud, snow, rock)",No,No,No,,46,Kph,,,,2022,7,4,2022,7,5,,2,390,,392,,,,,,,96.04634213,,2022-07-05,2023-09-26
2022-0604-JPN,No,nat-met-sto-tro,Natural,Meteorological,Storm,Tropical cyclone,,Typhoon 'Nanmadol',JPN,Japan,Eastern Asia,Asia,"Kagoshima, Kyushu Isl.",,,No,No,No,,175,Kph,,,,2022,9,18,2022,9,20,5,140,1200,,1340,,,,,2000000,2082328,96.04634213,"[{""adm1_code"":1667,""adm1_name"":""Kagosima""}]",2022-09-20,2023-09-26
2022-0627-JPN,No,nat-met-sto-tro,Natural,Meteorological,Storm,Tropical cyclone,,Typhoon 'Talas',JPN,Japan,Eastern Asia,Asia,"Kakegawa, Fukuroi (Shizuoka prefecture); Chibu",,"Slide (land, mud, snow, rock)",No,No,No,,65,Kph,,,,2022,9,25,2022,9,25,3,,13323,,13323,,,,,752000,782955,96.04634213,,2022-10-04,2023-09-26
2023-0300-JPN,No,nat-met-sto-tro,Natural,Meteorological,Storm,Tropical cyclone,,Typhoon 'Mawar',JPN,Japan,Eastern Asia,Asia,Okinawa,,Flood,No,No,No,,215,Kph,,,,2023,6,2,2023,6,2,3,35,,,35,,,,,,,100,"[{""adm1_code"":1681,""adm1_name"":""Okinawa""}]",2023-06-28,2023-09-26
2023-0490-JPN,No,nat-met-sto-tro,Natural,Meteorological,Storm,Tropical cyclone,,Tropical cyclone 'Khanoun',JPN,Japan,Eastern Asia,Asia,"Okinawa, Kagoshima prefectures",,,No,No,No,,220,Kph,,,,2023,8,2,2023,8,2,2,41,,,41,,,,,,,100,"[{""adm1_code"":1667,""adm1_name"":""Kagosima""},{""adm1_code"":1681,""adm1_name"":""Okinawa""}]",2023-08-02,2023-09-26
2023-0526-JPN,No,nat-met-sto-tro,Natural,Meteorological,Storm,Tropical cyclone,,Typhoon 'Lan',JPN,Japan,Eastern Asia,Asia,Hyogo and Osaka,,"Flood|Slide (land, mud, snow, rock)",No,No,No,,,Kph,,,,2023,8,15,2023,8,17,,66,600,,666,,,,,,,100,"[{""adm1_code"":1662,""adm1_name"":""Hyoogo""},{""adm1_code"":1682,""adm1_name"":""Oosaka""}]",2023-08-21,2023-09-26
2023-0609-JPN,No,nat-met-sto-tro,Natural,Meteorological,Storm,Tropical cyclone,,Tropical storm 'Yun-Yeung',JPN,Japan,Eastern Asia,Asia,"Central Honshu Island, west of the Greater Tokyo area; Ibaraki, Chiba and Fukushima Prefectures",,"Flood|Slide (land, mud, snow, rock)",No,No,No,,,Kph,,,,2023,9,8,2023,9,9,3,,3600,,3600,,,,,,,100,,2023-09-11,2023-10-20